{
"LoopMode": "Wrap",
"FrameDuration": 0.041666666666666664,
"EnableCycleOffsetPosition": true,
"EnableCycleOffsetRotation": true,

"Frames":
[
  [0.00000, 0.00000, 0.33664, 0.00000, -0.00000, -0.00000, 0.15776, -0.12481, 0.03965, 0.15774, 0.10481, 0.03962, -0.20824, -0.12480, 0.03141, -0.20826, 0.10480, 0.03138],
  [0.00000, 0.00017, 0.33129, -0.01050, -0.00000, 0.00000, 0.15630, -0.12516, 0.03872, 0.15719, 0.10497, 0.03909, -0.20964, -0.12433, 0.03055, -0.20886, 0.10580, 0.03073],
  [0.00001, 0.00055, 0.31937, -0.03380, 0.00000, 0.00000, 0.15314, -0.12577, 0.03673, 0.15611, 0.10528, 0.03805, -0.21262, -0.12310, 0.02873, -0.21004, 0.10800, 0.02943],
  [0.00003, 0.00102, 0.30425, -0.06317, 0.00000, 0.00000, 0.14939, -0.12632, 0.03417, 0.15504, 0.10560, 0.03689, -0.21610, -0.12129, 0.02637, -0.21114, 0.11081, 0.02783],
  [0.00007, 0.00153, 0.28770, -0.09510, 0.00000, 0.00000, 0.14561, -0.12667, 0.03135, 0.15423, 0.10585, 0.03584, -0.21953, -0.11907, 0.02372, -0.21188, 0.11394, 0.02615],
  [0.00013, 0.00205, 0.27077, -0.12747, 0.00000, 0.00000, 0.14204, -0.12680, 0.02843, 0.15374, 0.10594, 0.03501, -0.22266, -0.11656, 0.02091, -0.21215, 0.11719, 0.02447],
  [0.00020, 0.00255, 0.25422, -0.15875, -0.00000, 0.00000, 0.13883, -0.12674, 0.02556, 0.15356, 0.10580, 0.03443, -0.22539, -0.11391, 0.01806, -0.21196, 0.12042, 0.02286],
  [0.00028, 0.00301, 0.23865, -0.18777, -0.00000, 0.00000, 0.13604, -0.12655, 0.02291, 0.15363, 0.10539, 0.03417, -0.22765, -0.11131, 0.01528, -0.21139, 0.12350, 0.02142],
  [0.00037, 0.00342, 0.22452, -0.21354, 0.00000, 0.00000, 0.13372, -0.12629, 0.02048, 0.15388, 0.10475, 0.03408, -0.22947, -0.10888, 0.01267, -0.21053, 0.12635, 0.02007],
  [0.00044, 0.00376, 0.21233, -0.23518, 0.00000, 0.00000, 0.13185, -0.12601, 0.01843, 0.15419, 0.10395, 0.03414, -0.23088, -0.10679, 0.01035, -0.20955, 0.12884, 0.01891],
  [0.00051, 0.00402, 0.20250, -0.25178, -0.00000, 0.00000, 0.13047, -0.12579, 0.01681, 0.15450, 0.10314, 0.03425, -0.23188, -0.10514, 0.00844, -0.20861, 0.13086, 0.01799],
  [0.00055, 0.00418, 0.19548, -0.26247, -0.00000, 0.00000, 0.12957, -0.12566, 0.01568, 0.15469, 0.10245, 0.03437, -0.23253, -0.10406, 0.00708, -0.20791, 0.13224, 0.01731],
  [0.00057, 0.00424, 0.19180, -0.26629, -0.00000, 0.00000, 0.12919, -0.12561, 0.01521, 0.15474, 0.10211, 0.03439, -0.23282, -0.10363, 0.00645, -0.20763, 0.13283, 0.01700],
  [0.00029, 0.00305, 0.22639, -0.18952, 0.00002, -0.00000, 0.13490, -0.12647, 0.02145, 0.15284, 0.10527, 0.03347, -0.22877, -0.11090, 0.01375, -0.21208, 0.12413, 0.02049],
  [0.00002, -0.00085, 0.27591, 0.05305, 0.00008, 0.00000, 0.15108, -0.12633, 0.03356, 0.14617, 0.10706, 0.03086, -0.21503, -0.13092, 0.02460, -0.21942, 0.10264, 0.02315],
  [0.00158, -0.00695, 0.32435, 0.44617, 0.00016, 0.00002, 0.17600, -0.11358, 0.04607, 0.13929, 0.10411, 0.03136, -0.18436, -0.14972, 0.02921, -0.21620, 0.07410, 0.02103],
  [0.00607, -0.01261, 0.36674, 0.89795, 0.00026, 0.00006, 0.19045, -0.07865, 0.08140, 0.11501, 0.10324, 0.06097, -0.13512, -0.15763, 0.05288, -0.20022, 0.04654, 0.04358],
  [0.01169, -0.01550, 0.39839, 1.29176, 0.00034, 0.00011, 0.18374, -0.03344, 0.16319, 0.05619, 0.09591, 0.12904, -0.06837, -0.17992, 0.11303, -0.18851, 0.00496, 0.10362],
  [0.01628, -0.01613, 0.41198, 1.58033, 0.00042, 0.00014, 0.17424, 0.01013, 0.20942, -0.00107, 0.08641, 0.18219, 0.00476, -0.20090, 0.15792, -0.17341, -0.04902, 0.13838],
  [0.01447, -0.01414, 0.41018, 1.58034, 0.00041, 0.00013, 0.16599, 0.01836, 0.21941, -0.03521, 0.09009, 0.19927, 0.04459, -0.21554, 0.17067, -0.16875, -0.09264, 0.15110],
  [0.01031, -0.00851, 0.40401, 1.58034, 0.00037, 0.00011, 0.15932, 0.02173, 0.21502, -0.05664, 0.09682, 0.19631, 0.06763, -0.21959, 0.16696, -0.16389, -0.12823, 0.15359],
  [0.00498, -0.00036, 0.39390, 1.58033, 0.00025, 0.00009, 0.15117, 0.02958, 0.20289, -0.07560, 0.10598, 0.18342, 0.08628, -0.22152, 0.15796, -0.15569, -0.15949, 0.14927],
  [-0.00085, 0.00853, 0.38043, 1.58034, 0.00017, 0.00006, 0.14216, 0.04268, 0.18098, -0.09148, 0.11681, 0.15983, 0.09956, -0.22142, 0.14113, -0.14598, -0.18406, 0.13583],
  [-0.00673, 0.01623, 0.36429, 1.58033, 0.00013, 0.00004, 0.13302, 0.06250, 0.14804, -0.10372, 0.12816, 0.12745, 0.10754, -0.21971, 0.11478, -0.13689, -0.20054, 0.11188],
  [-0.01233, 0.02133, 0.34620, 1.58034, 0.00008, 0.00003, 0.12452, 0.09075, 0.10708, -0.11216, 0.13848, 0.09202, 0.11124, -0.21709, 0.08188, -0.12942, -0.20949, 0.08126],
  [-0.01740, 0.02306, 0.32699, 1.58034, 0.00167, 0.00057, 0.11743, 0.12279, 0.06841, -0.11734, 0.14564, 0.06148, 0.11222, -0.21525, 0.05191, -0.12404, -0.21356, 0.05268],
  [-0.02068, 0.02175, 0.30747, 1.64451, 0.00553, 0.00193, 0.11202, 0.14680, 0.04428, -0.12051, 0.14556, 0.03980, 0.11676, -0.21277, 0.03328, -0.11636, -0.21815, 0.03213],
  [-0.02292, 0.01837, 0.28839, 1.71385, 0.01063, 0.00375, 0.10964, 0.15383, 0.03627, -0.12166, 0.14109, 0.02939, 0.12162, -0.21176, 0.02605, -0.11067, -0.22300, 0.02233],
  [-0.02440, 0.01498, 0.27045, 1.75702, 0.01654, 0.00588, 0.10896, 0.15294, 0.03511, -0.12176, 0.13632, 0.02511, 0.12504, -0.21215, 0.02380, -0.10777, -0.22700, 0.01831],
  [-0.02474, 0.01370, 0.25427, 1.78549, 0.02292, 0.00817, 0.10850, 0.15230, 0.03431, -0.12153, 0.13307, 0.02181, 0.12766, -0.21225, 0.02203, -0.10565, -0.22964, 0.01518],
  [-0.02446, 0.01374, 0.24036, 1.80514, 0.02949, 0.01056, 0.10808, 0.15200, 0.03391, -0.12124, 0.13086, 0.01935, 0.12977, -0.21201, 0.02076, -0.10402, -0.23135, 0.01285],
  [-0.02427, 0.01375, 0.22914, 1.81893, 0.03610, 0.01294, 0.10760, 0.15175, 0.03366, -0.12096, 0.12923, 0.01750, 0.13131, -0.21178, 0.01981, -0.10286, -0.23258, 0.01104],
  [-0.02415, 0.01375, 0.22092, 1.82849, 0.04263, 0.01531, 0.10712, 0.15159, 0.03354, -0.12074, 0.12807, 0.01617, 0.13239, -0.21154, 0.01918, -0.10206, -0.23341, 0.00979],
  [-0.02409, 0.01374, 0.21591, 1.83485, 0.04892, 0.01757, 0.10674, 0.15152, 0.03355, -0.12060, 0.12732, 0.01537, 0.13304, -0.21130, 0.01886, -0.10157, -0.23388, 0.00910],
  [-0.02405, 0.01372, 0.21425, 1.83866, 0.05485, 0.01971, 0.10654, 0.15152, 0.03365, -0.12047, 0.12693, 0.01512, 0.13333, -0.21109, 0.01884, -0.10130, -0.23403, 0.00896],
  [-0.02440, 0.01360, 0.21961, 1.81873, 0.06079, 0.02182, 0.10727, 0.15073, 0.03337, -0.12077, 0.12787, 0.01655, 0.13138, -0.21227, 0.01963, -0.10304, -0.23327, 0.01072],
  [-0.02514, 0.01343, 0.23457, 1.77457, 0.06677, 0.02385, 0.10865, 0.14934, 0.03289, -0.12160, 0.13054, 0.01987, 0.12721, -0.21427, 0.02124, -0.10677, -0.23110, 0.01457],
  [-0.02602, 0.01325, 0.25691, 1.72129, 0.07242, 0.02566, 0.10964, 0.14821, 0.03291, -0.12227, 0.13448, 0.02439, 0.12216, -0.21560, 0.02351, -0.11109, -0.22753, 0.01937],
  [-0.02693, 0.01314, 0.28332, 1.66735, 0.07742, 0.02714, 0.10981, 0.14796, 0.03389, -0.12245, 0.13943, 0.02943, 0.11702, -0.21549, 0.02633, -0.11498, -0.22266, 0.02441],
  [-0.02772, 0.01307, 0.30935, 1.61992, 0.08149, 0.02824, 0.10939, 0.14870, 0.03564, -0.12201, 0.14468, 0.03418, 0.11249, -0.21397, 0.02937, -0.11771, -0.21715, 0.02904],
  [-0.02829, 0.01306, 0.32948, 1.58611, 0.08422, 0.02890, 0.10887, 0.14999, 0.03742, -0.12127, 0.14914, 0.03770, 0.10928, -0.21181, 0.03187, -0.11913, -0.21226, 0.03248],
  [-0.02851, 0.01306, 0.33757, 1.57325, 0.08521, 0.02911, 0.10863, 0.15069, 0.03824, -0.12086, 0.15103, 0.03907, 0.10807, -0.21068, 0.03290, -0.11953, -0.21012, 0.03383],
  [-0.02851, 0.01306, 0.33757, 1.57325, 0.08521, 0.02911, 0.10863, 0.15070, 0.03823, -0.12086, 0.15103, 0.03906, 0.10808, -0.21067, 0.03289, -0.11953, -0.21012, 0.03382],
  [-0.02851, 0.01306, 0.33757, 1.57325, 0.08521, 0.02911, 0.10863, 0.15070, 0.03823, -0.12087, 0.15104, 0.03906, 0.10808, -0.21067, 0.03288, -0.11953, -0.21012, 0.03381],
  [-0.02851, 0.01306, 0.33757, 1.57325, 0.08521, 0.02911, 0.10864, 0.15070, 0.03823, -0.12087, 0.15104, 0.03906, 0.10809, -0.21067, 0.03287, -0.11953, -0.21011, 0.03381],
