{
"LoopMode": "Wrap",
"FrameDuration": 0.01667,
"EnableCycleOffsetPosition": true,
"EnableCycleOffsetRotation": true,

"Frames":
[
  [0.00000, 0.00000, 0.30053, 0.09946, 0.12089, -0.00495, 0.19318, -0.12598, 0.04692, 0.17259, 0.12258, 0.01708, -0.15847, -0.11821, 0.04208, -0.24130, 0.10593, 0.02292],
  [0.01348, 0.00226, 0.30111, 0.10940, 0.11620, -0.01032, 0.25506, -0.12293, 0.05500, 0.17237, 0.12307, 0.01774, -0.11571, -0.11701, 0.03756, -0.24095, 0.10505, 0.02419],
  [0.02690, 0.00478, 0.30214, 0.12156, 0.10664, -0.01491, 0.31258, -0.11766, 0.06581, 0.17261, 0.12421, 0.01853, -0.07350, -0.11709, 0.03443, -0.24128, 0.10436, 0.02595],
  [0.04007, 0.00708, 0.30345, 0.13116, 0.09581, -0.01863, 0.36308, -0.10919, 0.07586, 0.17285, 0.12422, 0.01930, -0.03429, -0.11743, 0.03222, -0.24249, 0.10415, 0.02798],
  [0.05410, 0.00899, 0.30473, 0.13817, 0.08429, -0.02258, 0.40257, -0.10069, 0.08173, 0.17398, 0.12400, 0.02001, 0.00165, -0.11893, 0.02995, -0.24291, 0.10421, 0.02962],
  [0.06806, 0.01067, 0.30627, 0.14171, 0.07381, -0.02720, 0.43217, -0.09403, 0.08134, 0.17595, 0.12389, 0.02092, 0.03059, -0.11885, 0.02755, -0.24281, 0.10490, 0.03168],
  [0.08120, 0.01222, 0.30799, 0.14111, 0.06835, -0.03311, 0.45732, -0.08893, 0.08050, 0.17871, 0.12366, 0.02164, 0.05086, -0.11732, 0.02488, -0.24254, 0.10639, 0.03430],
  [0.09501, 0.01402, 0.30946, 0.13750, 0.06323, -0.04022, 0.47852, -0.09313, 0.07468, 0.18124, 0.12379, 0.02222, 0.06347, -0.11444, 0.01993, -0.24074, 0.10785, 0.03703],
  [0.10883, 0.01627, 0.31014, 0.13216, 0.05971, -0.04869, 0.49100, -0.08012, 0.06429, 0.18454, 0.12394, 0.02287, 0.06725, -0.11318, 0.01569, -0.23789, 0.10852, 0.04008],
  [0.12296, 0.01840, 0.30966, 0.12869, 0.05623, -0.05489, 0.49509, -0.07102, 0.05196, 0.18663, 0.12372, 0.02378, 0.06539, -0.11550, 0.01534, -0.23277, 0.10840, 0.04475],
  [0.13710, 0.02029, 0.30860, 0.12758, 0.05676, -0.05892, 0.49384, -0.06922, 0.03850, 0.18933, 0.12310, 0.02478, 0.06654, -0.11504, 0.01456, -0.22501, 0.10674, 0.05290],
  [0.15165, 0.02221, 0.30705, 0.12968, 0.06200, -0.05794, 0.48917, -0.06596, 0.02373, 0.19200, 0.12321, 0.02591, 0.06655, -0.11423, 0.01467, -0.21043, 0.10348, 0.05918],
  [0.16693, 0.02386, 0.30579, 0.13291, 0.07247, -0.05313, 0.48864, -0.07348, 0.02452, 0.19454, 0.12267, 0.02707, 0.06725, -0.11400, 0.01509, -0.18856, 0.09931, 0.06053],
  [0.18318, 0.02516, 0.30460, 0.13656, 0.08475, -0.04647, 0.49127, -0.07125, 0.02149, 0.19943, 0.12276, 0.02928, 0.06998, -0.11392, 0.01595, -0.15909, 0.09716, 0.05985],
  [0.20016, 0.02626, 0.30320, 0.14144, 0.09666, -0.03743, 0.49192, -0.07122, 0.02051, 0.21150, 0.12318, 0.03115, 0.07340, -0.11387, 0.01698, -0.12335, 0.09921, 0.05812],
  [0.21739, 0.02724, 0.30154, 0.14382, 0.10766, -0.02925, 0.49305, -0.07271, 0.01993, 0.23957, 0.12569, 0.03258, 0.07646, -0.11294, 0.01805, -0.08853, 0.10342, 0.05878],
  [0.23485, 0.02772, 0.29987, 0.14150, 0.11706, -0.02144, 0.49347, -0.07322, 0.01933, 0.27871, 0.13227, 0.03182, 0.07951, -0.11230, 0.01903, -0.05170, 0.10511, 0.05841],
  [0.25140, 0.02769, 0.29930, 0.13560, 0.12540, -0.01435, 0.49336, -0.07331, 0.01894, 0.31851, 0.13719, 0.03352, 0.08155, -0.11068, 0.02010, -0.01202, 0.10666, 0.05680],
  [0.26792, 0.02773, 0.29923, 0.12689, 0.12862, -0.00991, 0.49279, -0.07346, 0.01867, 0.36565, 0.14211, 0.04037, 0.08314, -0.10891, 0.02148, 0.03082, 0.11163, 0.05178],
  [0.28401, 0.02761, 0.29970, 0.11725, 0.12863, -0.00621, 0.49221, -0.07360, 0.01833, 0.42056, 0.14897, 0.04624, 0.08442, -0.10777, 0.02255, 0.07326, 0.11854, 0.04653],
  [0.29920, 0.02720, 0.30034, 0.10502, 0.12652, -0.00223, 0.49158, -0.07477, 0.01815, 0.47980, 0.15463, 0.05111, 0.08457, -0.10662, 0.02378, 0.11524, 0.12545, 0.04164],
  [0.31393, 0.02628, 0.30167, 0.08930, 0.12238, 0.00004, 0.49024, -0.07575, 0.01793, 0.53856, 0.15651, 0.05720, 0.08386, -0.10600, 0.02526, 0.15655, 0.13365, 0.03736],
  [0.32805, 0.02547, 0.30349, 0.07312, 0.11495, 0.00246, 0.48896, -0.07645, 0.01841, 0.59151, 0.15569, 0.06377, 0.08313, -0.10499, 0.02700, 0.19696, 0.14261, 0.03384],
  [0.34188, 0.02452, 0.30543, 0.05870, 0.10672, 0.00540, 0.48844, -0.07635, 0.01830, 0.63471, 0.15282, 0.06677, 0.08152, -0.10544, 0.02844, 0.23378, 0.15036, 0.03067],
  [0.35565, 0.02333, 0.30729, 0.04670, 0.09982, 0.00966, 0.48822, -0.07634, 0.01815, 0.66888, 0.15022, 0.06600, 0.08055, -0.10608, 0.02980, 0.26588, 0.15657, 0.02854],
  [0.36909, 0.02245, 0.30927, 0.04057, 0.09538, 0.01554, 0.48912, -0.07612, 0.01807, 0.69761, 0.14994, 0.06584, 0.08001, -0.10781, 0.03184, 0.28956, 0.16123, 0.02565],
  [0.38305, 0.02145, 0.31142, 0.04031, 0.09349, 0.02047, 0.49005, -0.07593, 0.01761, 0.72090, 0.14958, 0.06112, 0.08078, -0.10891, 0.03459, 0.30635, 0.16405, 0.02193],
  [0.39723, 0.02010, 0.31339, 0.04259, 0.09306, 0.02958, 0.49229, -0.07537, 0.01758, 0.73444, 0.13550, 0.04815, 0.08293, -0.11083, 0.03773, 0.31339, 0.16124, 0.01727],
  [0.41193, 0.01866, 0.31373, 0.04446, 0.08944, 0.03906, 0.49425, -0.07509, 0.01750, 0.73496, 0.12409, 0.03256, 0.08797, -0.11219, 0.04245, 0.31139, 0.16236, 0.01519],
  [0.42694, 0.01772, 0.31253, 0.04541, 0.08417, 0.04649, 0.49574, -0.07447, 0.01775, 0.73583, 0.12560, 0.02346, 0.09717, -0.11188, 0.04956, 0.31397, 0.16498, 0.01529],
  [0.44310, 0.01718, 0.31053, 0.04517, 0.08072, 0.04992, 0.49812, -0.07421, 0.01874, 0.73491, 0.13716, 0.02321, 0.11081, -0.10744, 0.05662, 0.31785, 0.16434, 0.01389],
  [0.45889, 0.01673, 0.30875, 0.04399, 0.08445, 0.04816, 0.50225, -0.07402, 0.02049, 0.73674, 0.13628, 0.02173, 0.13089, -0.10094, 0.06015, 0.31919, 0.16290, 0.01519],
  [0.47473, 0.01630, 0.30718, 0.04120, 0.09055, 0.04602, 0.51260, -0.07379, 0.02180, 0.73764, 0.13244, 0.01805, 0.15956, -0.09500, 0.05981, 0.31989, 0.16037, 0.01560],
  [0.49057, 0.01669, 0.30557, 0.03869, 0.09816, 0.04228, 0.53536, -0.07495, 0.02130, 0.73860, 0.13445, 0.01805, 0.19322, -0.09016, 0.06085, 0.32283, 0.15997, 0.01690],
  [0.50625, 0.01748, 0.30432, 0.03796, 0.10521, 0.03683, 0.57203, -0.07885, 0.02273, 0.73955, 0.13513, 0.01786, 0.22896, -0.08693, 0.06247, 0.32610, 0.15954, 0.01819],
  [0.52193, 0.01833, 0.30307, 0.03740, 0.10781, 0.03051, 0.61059, -0.08500, 0.02672, 0.74041, 0.13586, 0.01785, 0.26583, -0.08336, 0.06150, 0.32920, 0.15932, 0.01953],
  [0.53719, 0.01905, 0.30206, 0.03845, 0.10999, 0.02375, 0.65793, -0.09506, 0.03342, 0.74103, 0.13605, 0.01784, 0.30561, -0.08051, 0.05830, 0.33120, 0.15781, 0.02110],
  [0.55244, 0.01980, 0.30155, 0.04227, 0.11095, 0.01591, 0.71490, -0.10352, 0.04004, 0.74152, 0.13711, 0.01802, 0.34833, -0.07986, 0.05335, 0.33316, 0.15702, 0.02228],
  [0.56701, 0.02072, 0.30213, 0.04842, 0.11109, 0.00682, 0.77754, -0.11261, 0.04860, 0.74140, 0.13788, 0.01895, 0.39133, -0.08002, 0.04809, 0.33535, 0.15602, 0.02355]
]
}